体质,OR,95% CI 下限,95% CI 上限,P值
阳虚质,1.366311385660217,0.6331852798675452,2.9482789034123718,0.42639149681034816
湿热质,0.9080948780133241,0.4595550941463377,1.794423167054356,0.7814518721269901
特禀质,0.8822352409244606,0.41027725825960226,1.8971049568546843,0.7483975592118968
气虚质,0.8468861136309614,0.4444183056750149,1.6138311142957842,0.613449294960249
阴虚质,0.7879460307270424,0.41283075241304934,1.5039067310501943,0.46990002686342525
痰湿质,0.7261981715622231,0.453739662929756,1.1622607135007237,0.18242936083279426
血瘀质,0.6301823301595382,0.33074845087740107,1.2007003152752775,0.16035783978218687
气郁质,0.5796433943230234,0.30249928625515077,1.1107016771567504,0.10027097948052471
